student_id,course_id,term,probability
201,BDII,2025-1,0.53571427
201,REDI,2025-1,0.53571427
202,BDII,2025-1,0.53571427
